cluster_id,n_reads
syn-e03_c05-dev-0031,5
syn-e03_c05-dev-0033,5
syn-e03_c05-dev-0041,5
syn-e03_c05-dev-0063,5
syn-e03_c05-dev-0064,5
syn-e03_c05-dev-0084,5
syn-e03_c05-dev-0100,5
syn-e03_c05-dev-0232,5
syn-e03_c05-dev-0276,5
syn-e03_c05-dev-0289,5
syn-e03_c10-dev-0045,10
syn-e03_c10-dev-0047,10
syn-e03_c10-dev-0075,10
syn-e03_c10-dev-0167,10
syn-e03_c10-dev-0206,10
syn-e03_c10-dev-0213,10
syn-e03_c10-dev-0262,10
syn-e03_c10-dev-0265,10
syn-e03_c10-dev-0276,10
syn-e03_c10-dev-0300,10
syn-e03_c20-dev-0013,20
syn-e03_c20-dev-0042,20
syn-e03_c20-dev-0053,20
syn-e03_c20-dev-0056,20
syn-e03_c20-dev-0109,20
syn-e03_c20-dev-0131,20
syn-e03_c20-dev-0149,20
syn-e03_c20-dev-0154,20
syn-e03_c20-dev-0258,20
syn-e03_c20-dev-0271,20
syn-e06_c05-dev-0025,5
syn-e06_c05-dev-0033,5
syn-e06_c05-dev-0076,5
syn-e06_c05-dev-0130,5
syn-e06_c05-dev-0142,5
syn-e06_c05-dev-0161,5
syn-e06_c05-dev-0187,5
syn-e06_c05-dev-0189,5
syn-e06_c05-dev-0209,5
syn-e06_c05-dev-0218,5
syn-e06_c10-dev-0010,10
syn-e06_c10-dev-0040,10
syn-e06_c10-dev-0063,10
syn-e06_c10-dev-0081,10
syn-e06_c10-dev-0096,10
syn-e06_c10-dev-0162,10
syn-e06_c10-dev-0175,10
syn-e06_c10-dev-0271,10
syn-e06_c10-dev-0280,10
syn-e06_c10-dev-0291,10
syn-e06_c20-dev-0016,20
syn-e06_c20-dev-0027,20
syn-e06_c20-dev-0082,20
syn-e06_c20-dev-0087,20
syn-e06_c20-dev-0131,20
syn-e06_c20-dev-0145,20
syn-e06_c20-dev-0183,20
syn-e06_c20-dev-0204,20
syn-e06_c20-dev-0213,20
syn-e06_c20-dev-0221,20
syn-e09_c05-dev-0029,5
syn-e09_c05-dev-0084,5
syn-e09_c05-dev-0086,5
syn-e09_c05-dev-0090,5
syn-e09_c05-dev-0091,5
syn-e09_c05-dev-0126,5
syn-e09_c05-dev-0132,5
syn-e09_c05-dev-0171,5
syn-e09_c05-dev-0263,5
syn-e09_c05-dev-0281,5
syn-e09_c10-dev-0035,10
syn-e09_c10-dev-0037,10
syn-e09_c10-dev-0039,10
syn-e09_c10-dev-0061,10
syn-e09_c10-dev-0072,10
syn-e09_c10-dev-0098,10
syn-e09_c10-dev-0109,10
syn-e09_c10-dev-0134,10
syn-e09_c10-dev-0189,10
syn-e09_c10-dev-0249,10
syn-e09_c20-dev-0037,20
syn-e09_c20-dev-0042,20
syn-e09_c20-dev-0048,20
syn-e09_c20-dev-0082,20
syn-e09_c20-dev-0084,20
syn-e09_c20-dev-0162,20
syn-e09_c20-dev-0194,20
syn-e09_c20-dev-0223,20
syn-e09_c20-dev-0253,20
syn-e09_c20-dev-0280,20
syn-e12_c05-dev-0041,5
syn-e12_c05-dev-0079,5
syn-e12_c05-dev-0106,5
syn-e12_c05-dev-0107,5
syn-e12_c05-dev-0139,5
syn-e12_c05-dev-0229,5
syn-e12_c05-dev-0240,5
syn-e12_c05-dev-0244,5
syn-e12_c05-dev-0280,5
syn-e12_c05-dev-0287,5
syn-e12_c10-dev-0010,10
syn-e12_c10-dev-0062,10
syn-e12_c10-dev-0065,10
syn-e12_c10-dev-0078,10
syn-e12_c10-dev-0115,10
syn-e12_c10-dev-0122,10
syn-e12_c10-dev-0172,10
syn-e12_c10-dev-0245,10
syn-e12_c10-dev-0251,10
syn-e12_c10-dev-0292,10
syn-e12_c20-dev-0063,20
syn-e12_c20-dev-0111,20
syn-e12_c20-dev-0124,20
syn-e12_c20-dev-0128,20
syn-e12_c20-dev-0133,20
syn-e12_c20-dev-0148,20
syn-e12_c20-dev-0155,20
syn-e12_c20-dev-0169,20
syn-e12_c20-dev-0192,20
syn-e12_c20-dev-0287,20
syn-e06_c10_hp50-dev-0035,10
syn-e06_c10_hp50-dev-0058,10
syn-e06_c10_hp50-dev-0074,10
syn-e06_c10_hp50-dev-0108,10
syn-e06_c10_hp50-dev-0142,10
syn-e06_c10_hp50-dev-0160,10
syn-e06_c10_hp50-dev-0161,10
syn-e06_c10_hp50-dev-0169,10
syn-e06_c10_hp50-dev-0203,10
syn-e06_c10_hp50-dev-0297,10
