stamp,commit,dirty,repetition,kind,copies,process,seconds
20261005-144937,d7130b4ff977e0ebb81f219333b9e57146934353,False,1,compute,1,0,3.2885
20261005-144937,d7130b4ff977e0ebb81f219333b9e57146934353,False,1,memory,1,0,2.8228
20261005-144937,d7130b4ff977e0ebb81f219333b9e57146934353,False,1,itr,1,0,2.3949
20261005-144937,d7130b4ff977e0ebb81f219333b9e57146934353,False,1,compute,2,0,3.0929
20261005-144937,d7130b4ff977e0ebb81f219333b9e57146934353,False,1,compute,2,1,3.0906
20261005-144937,d7130b4ff977e0ebb81f219333b9e57146934353,False,1,memory,2,0,5.3446
20261005-144937,d7130b4ff977e0ebb81f219333b9e57146934353,False,1,memory,2,1,5.3283
20261005-144937,d7130b4ff977e0ebb81f219333b9e57146934353,False,1,itr,2,0,2.3613
20261005-144937,d7130b4ff977e0ebb81f219333b9e57146934353,False,1,itr,2,1,2.3710
20261005-144937,d7130b4ff977e0ebb81f219333b9e57146934353,False,1,compute,4,0,3.9232
20261005-144937,d7130b4ff977e0ebb81f219333b9e57146934353,False,1,compute,4,1,5.0173
20261005-144937,d7130b4ff977e0ebb81f219333b9e57146934353,False,1,compute,4,2,4.2514
20261005-144937,d7130b4ff977e0ebb81f219333b9e57146934353,False,1,compute,4,3,3.4520
20261005-144937,d7130b4ff977e0ebb81f219333b9e57146934353,False,1,memory,4,0,9.8572
20261005-144937,d7130b4ff977e0ebb81f219333b9e57146934353,False,1,memory,4,1,9.9118
20261005-144937,d7130b4ff977e0ebb81f219333b9e57146934353,False,1,memory,4,2,10.0219
20261005-144937,d7130b4ff977e0ebb81f219333b9e57146934353,False,1,memory,4,3,9.6968
20261005-144937,d7130b4ff977e0ebb81f219333b9e57146934353,False,1,itr,4,0,4.6011
20261005-144937,d7130b4ff977e0ebb81f219333b9e57146934353,False,1,itr,4,1,5.0753
20261005-144937,d7130b4ff977e0ebb81f219333b9e57146934353,False,1,itr,4,2,4.9036
20261005-144937,d7130b4ff977e0ebb81f219333b9e57146934353,False,1,itr,4,3,4.7316
20261005-144937,d7130b4ff977e0ebb81f219333b9e57146934353,False,1,compute,8,0,11.5939
20261005-144937,d7130b4ff977e0ebb81f219333b9e57146934353,False,1,compute,8,1,11.7561
20261005-144937,d7130b4ff977e0ebb81f219333b9e57146934353,False,1,compute,8,2,11.5824
20261005-144937,d7130b4ff977e0ebb81f219333b9e57146934353,False,1,compute,8,3,11.7524
20261005-144937,d7130b4ff977e0ebb81f219333b9e57146934353,False,1,compute,8,4,11.5558
20261005-144937,d7130b4ff977e0ebb81f219333b9e57146934353,False,1,compute,8,5,11.7084
20261005-144937,d7130b4ff977e0ebb81f219333b9e57146934353,False,1,compute,8,6,11.7440
20261005-144937,d7130b4ff977e0ebb81f219333b9e57146934353,False,1,compute,8,7,11.6440
20261005-144937,d7130b4ff977e0ebb81f219333b9e57146934353,False,1,memory,8,0,20.7615
20261005-144937,d7130b4ff977e0ebb81f219333b9e57146934353,False,1,memory,8,1,20.5560
20261005-144937,d7130b4ff977e0ebb81f219333b9e57146934353,False,1,memory,8,2,20.6712
20261005-144937,d7130b4ff977e0ebb81f219333b9e57146934353,False,1,memory,8,3,20.6715
20261005-144937,d7130b4ff977e0ebb81f219333b9e57146934353,False,1,memory,8,4,20.6910
20261005-144937,d7130b4ff977e0ebb81f219333b9e57146934353,False,1,memory,8,5,20.5696
20261005-144937,d7130b4ff977e0ebb81f219333b9e57146934353,False,1,memory,8,6,20.6751
20261005-144937,d7130b4ff977e0ebb81f219333b9e57146934353,False,1,memory,8,7,20.7461
20261005-144937,d7130b4ff977e0ebb81f219333b9e57146934353,False,1,itr,8,0,14.7477
20261005-144937,d7130b4ff977e0ebb81f219333b9e57146934353,False,1,itr,8,1,14.7576
20261005-144937,d7130b4ff977e0ebb81f219333b9e57146934353,False,1,itr,8,2,14.9492
20261005-144937,d7130b4ff977e0ebb81f219333b9e57146934353,False,1,itr,8,3,14.8783
20261005-144937,d7130b4ff977e0ebb81f219333b9e57146934353,False,1,itr,8,4,14.5732
20261005-144937,d7130b4ff977e0ebb81f219333b9e57146934353,False,1,itr,8,5,14.6038
20261005-144937,d7130b4ff977e0ebb81f219333b9e57146934353,False,1,itr,8,6,14.9784
20261005-144937,d7130b4ff977e0ebb81f219333b9e57146934353,False,1,itr,8,7,14.8366
20261005-144937,d7130b4ff977e0ebb81f219333b9e57146934353,False,2,compute,2,0,3.7335
20261005-144937,d7130b4ff977e0ebb81f219333b9e57146934353,False,2,compute,2,1,3.8450
20261005-144937,d7130b4ff977e0ebb81f219333b9e57146934353,False,2,memory,2,0,5.3673
20261005-144937,d7130b4ff977e0ebb81f219333b9e57146934353,False,2,memory,2,1,5.3618
20261005-144937,d7130b4ff977e0ebb81f219333b9e57146934353,False,2,itr,2,0,2.7451
20261005-144937,d7130b4ff977e0ebb81f219333b9e57146934353,False,2,itr,2,1,2.7449
20261005-144937,d7130b4ff977e0ebb81f219333b9e57146934353,False,2,compute,4,0,5.5756
20261005-144937,d7130b4ff977e0ebb81f219333b9e57146934353,False,2,compute,4,1,5.6651
20261005-144937,d7130b4ff977e0ebb81f219333b9e57146934353,False,2,compute,4,2,5.9133
20261005-144937,d7130b4ff977e0ebb81f219333b9e57146934353,False,2,compute,4,3,5.6149
20261005-144937,d7130b4ff977e0ebb81f219333b9e57146934353,False,2,memory,4,0,10.0997
20261005-144937,d7130b4ff977e0ebb81f219333b9e57146934353,False,2,memory,4,1,10.4291
20261005-144937,d7130b4ff977e0ebb81f219333b9e57146934353,False,2,memory,4,2,10.5268
20261005-144937,d7130b4ff977e0ebb81f219333b9e57146934353,False,2,memory,4,3,10.1398
20261005-144937,d7130b4ff977e0ebb81f219333b9e57146934353,False,2,itr,4,0,4.8423
20261005-144937,d7130b4ff977e0ebb81f219333b9e57146934353,False,2,itr,4,1,5.0237
20261005-144937,d7130b4ff977e0ebb81f219333b9e57146934353,False,2,itr,4,2,4.6091
20261005-144937,d7130b4ff977e0ebb81f219333b9e57146934353,False,2,itr,4,3,4.8111
20261005-144937,d7130b4ff977e0ebb81f219333b9e57146934353,False,2,compute,8,0,11.5184
20261005-144937,d7130b4ff977e0ebb81f219333b9e57146934353,False,2,compute,8,1,11.4042
20261005-144937,d7130b4ff977e0ebb81f219333b9e57146934353,False,2,compute,8,2,11.5271
20261005-144937,d7130b4ff977e0ebb81f219333b9e57146934353,False,2,compute,8,3,11.4157
20261005-144937,d7130b4ff977e0ebb81f219333b9e57146934353,False,2,compute,8,4,11.5662
20261005-144937,d7130b4ff977e0ebb81f219333b9e57146934353,False,2,compute,8,5,11.4984
20261005-144937,d7130b4ff977e0ebb81f219333b9e57146934353,False,2,compute,8,6,11.4240
20261005-144937,d7130b4ff977e0ebb81f219333b9e57146934353,False,2,compute,8,7,11.3349
20261005-144937,d7130b4ff977e0ebb81f219333b9e57146934353,False,2,memory,8,0,20.2121
20261005-144937,d7130b4ff977e0ebb81f219333b9e57146934353,False,2,memory,8,1,20.1697
20261005-144937,d7130b4ff977e0ebb81f219333b9e57146934353,False,2,memory,8,2,20.2989
20261005-144937,d7130b4ff977e0ebb81f219333b9e57146934353,False,2,memory,8,3,20.3321
20261005-144937,d7130b4ff977e0ebb81f219333b9e57146934353,False,2,memory,8,4,20.2257
20261005-144937,d7130b4ff977e0ebb81f219333b9e57146934353,False,2,memory,8,5,20.2752
20261005-144937,d7130b4ff977e0ebb81f219333b9e57146934353,False,2,memory,8,6,20.1569
20261005-144937,d7130b4ff977e0ebb81f219333b9e57146934353,False,2,memory,8,7,20.2091
20261005-144937,d7130b4ff977e0ebb81f219333b9e57146934353,False,2,itr,8,0,14.8550
20261005-144937,d7130b4ff977e0ebb81f219333b9e57146934353,False,2,itr,8,1,14.8243
20261005-144937,d7130b4ff977e0ebb81f219333b9e57146934353,False,2,itr,8,2,14.8036
20261005-144937,d7130b4ff977e0ebb81f219333b9e57146934353,False,2,itr,8,3,14.8034
20261005-144937,d7130b4ff977e0ebb81f219333b9e57146934353,False,2,itr,8,4,14.8941
20261005-144937,d7130b4ff977e0ebb81f219333b9e57146934353,False,2,itr,8,5,14.5027
20261005-144937,d7130b4ff977e0ebb81f219333b9e57146934353,False,2,itr,8,6,14.8531
20261005-144937,d7130b4ff977e0ebb81f219333b9e57146934353,False,2,itr,8,7,14.3675
20261005-144937,d7130b4ff977e0ebb81f219333b9e57146934353,False,2,compute,1,0,3.0236
20261005-144937,d7130b4ff977e0ebb81f219333b9e57146934353,False,2,memory,1,0,2.8417
20261005-144937,d7130b4ff977e0ebb81f219333b9e57146934353,False,2,itr,1,0,2.4716
20261005-144937,d7130b4ff977e0ebb81f219333b9e57146934353,False,3,compute,4,0,5.8285
20261005-144937,d7130b4ff977e0ebb81f219333b9e57146934353,False,3,compute,4,1,6.3916
20261005-144937,d7130b4ff977e0ebb81f219333b9e57146934353,False,3,compute,4,2,4.9633
20261005-144937,d7130b4ff977e0ebb81f219333b9e57146934353,False,3,compute,4,3,6.3228
20261005-144937,d7130b4ff977e0ebb81f219333b9e57146934353,False,3,memory,4,0,9.7389
20261005-144937,d7130b4ff977e0ebb81f219333b9e57146934353,False,3,memory,4,1,9.6349
20261005-144937,d7130b4ff977e0ebb81f219333b9e57146934353,False,3,memory,4,2,9.7870
20261005-144937,d7130b4ff977e0ebb81f219333b9e57146934353,False,3,memory,4,3,9.7532
20261005-144937,d7130b4ff977e0ebb81f219333b9e57146934353,False,3,itr,4,0,5.1606
20261005-144937,d7130b4ff977e0ebb81f219333b9e57146934353,False,3,itr,4,1,4.2824
20261005-144937,d7130b4ff977e0ebb81f219333b9e57146934353,False,3,itr,4,2,5.0997
20261005-144937,d7130b4ff977e0ebb81f219333b9e57146934353,False,3,itr,4,3,4.3323
20261005-144937,d7130b4ff977e0ebb81f219333b9e57146934353,False,3,compute,8,0,12.1940
20261005-144937,d7130b4ff977e0ebb81f219333b9e57146934353,False,3,compute,8,1,12.4158
20261005-144937,d7130b4ff977e0ebb81f219333b9e57146934353,False,3,compute,8,2,12.2683
20261005-144937,d7130b4ff977e0ebb81f219333b9e57146934353,False,3,compute,8,3,12.1659
20261005-144937,d7130b4ff977e0ebb81f219333b9e57146934353,False,3,compute,8,4,12.2826
20261005-144937,d7130b4ff977e0ebb81f219333b9e57146934353,False,3,compute,8,5,12.3658
20261005-144937,d7130b4ff977e0ebb81f219333b9e57146934353,False,3,compute,8,6,12.0996
20261005-144937,d7130b4ff977e0ebb81f219333b9e57146934353,False,3,compute,8,7,12.2150
20261005-144937,d7130b4ff977e0ebb81f219333b9e57146934353,False,3,memory,8,0,19.9118
20261005-144937,d7130b4ff977e0ebb81f219333b9e57146934353,False,3,memory,8,1,19.9032
20261005-144937,d7130b4ff977e0ebb81f219333b9e57146934353,False,3,memory,8,2,19.8990
20261005-144937,d7130b4ff977e0ebb81f219333b9e57146934353,False,3,memory,8,3,19.8794
20261005-144937,d7130b4ff977e0ebb81f219333b9e57146934353,False,3,memory,8,4,19.8497
20261005-144937,d7130b4ff977e0ebb81f219333b9e57146934353,False,3,memory,8,5,19.8339
20261005-144937,d7130b4ff977e0ebb81f219333b9e57146934353,False,3,memory,8,6,19.9222
20261005-144937,d7130b4ff977e0ebb81f219333b9e57146934353,False,3,memory,8,7,19.8370
20261005-144937,d7130b4ff977e0ebb81f219333b9e57146934353,False,3,itr,8,0,15.7036
20261005-144937,d7130b4ff977e0ebb81f219333b9e57146934353,False,3,itr,8,1,15.8664
20261005-144937,d7130b4ff977e0ebb81f219333b9e57146934353,False,3,itr,8,2,15.6826
20261005-144937,d7130b4ff977e0ebb81f219333b9e57146934353,False,3,itr,8,3,16.1504
20261005-144937,d7130b4ff977e0ebb81f219333b9e57146934353,False,3,itr,8,4,15.3870
20261005-144937,d7130b4ff977e0ebb81f219333b9e57146934353,False,3,itr,8,5,15.5670
20261005-144937,d7130b4ff977e0ebb81f219333b9e57146934353,False,3,itr,8,6,16.1694
20261005-144937,d7130b4ff977e0ebb81f219333b9e57146934353,False,3,itr,8,7,16.0012
20261005-144937,d7130b4ff977e0ebb81f219333b9e57146934353,False,3,compute,1,0,3.8098
20261005-144937,d7130b4ff977e0ebb81f219333b9e57146934353,False,3,memory,1,0,2.9538
20261005-144937,d7130b4ff977e0ebb81f219333b9e57146934353,False,3,itr,1,0,2.2876
20261005-144937,d7130b4ff977e0ebb81f219333b9e57146934353,False,3,compute,2,0,3.9795
20261005-144937,d7130b4ff977e0ebb81f219333b9e57146934353,False,3,compute,2,1,3.9711
20261005-144937,d7130b4ff977e0ebb81f219333b9e57146934353,False,3,memory,2,0,5.4374
20261005-144937,d7130b4ff977e0ebb81f219333b9e57146934353,False,3,memory,2,1,5.4678
20261005-144937,d7130b4ff977e0ebb81f219333b9e57146934353,False,3,itr,2,0,3.1063
20261005-144937,d7130b4ff977e0ebb81f219333b9e57146934353,False,3,itr,2,1,3.1060
