family,method,run_id,check,value
microsoft,adaptive,final_microsoft_test_adaptive-20261002-232255-r1,n_clusters,7000
microsoft,adaptive,final_microsoft_test_adaptive-20261002-232255-r1,tau,0.0
microsoft,adaptive,final_microsoft_test_adaptive-20261002-232255-r1,selector,default
microsoft,adaptive,final_microsoft_test_adaptive-20261002-232255-r1,n_routed_live,0
microsoft,adaptive,final_microsoft_test_adaptive-20261002-232255-r1,n_routed_cache,0
microsoft,adaptive,final_microsoft_test_adaptive-20261002-232255-r1,routing_differs,0
microsoft,adaptive,final_microsoft_test_adaptive-20261002-232255-r1,bbs_confidence_differs,0
microsoft,adaptive,final_microsoft_test_adaptive-20261002-232255-r1,bbs_sequence_differs,14
microsoft,adaptive,final_microsoft_test_adaptive-20261002-232255-r1,bbs_sequence_differs_max_confidence,0.5
microsoft,adaptive,final_microsoft_test_adaptive-20261002-232255-r1,itr_output_differs_on_routed,0
microsoft,adaptive,final_microsoft_test_adaptive-20261002-232255-r1,final_sequence_differs,14
microsoft,adaptive,final_microsoft_test_adaptive-20261002-232255-r1,exact_outcome_differs,0
microsoft,adaptive,final_microsoft_test_adaptive-20261002-232255-r1,n_exact_live,6687
microsoft,adaptive,final_microsoft_test_adaptive-20261002-232255-r1,n_exact_cache,6687
synthetic,adaptive,final_synthetic_test_adaptive-20261002-232315-r1,n_clusters,9100
synthetic,adaptive,final_synthetic_test_adaptive-20261002-232315-r1,tau,0.8
synthetic,adaptive,final_synthetic_test_adaptive-20261002-232315-r1,selector,default
synthetic,adaptive,final_synthetic_test_adaptive-20261002-232315-r1,n_routed_live,2813
synthetic,adaptive,final_synthetic_test_adaptive-20261002-232315-r1,n_routed_cache,2813
synthetic,adaptive,final_synthetic_test_adaptive-20261002-232315-r1,routing_differs,0
synthetic,adaptive,final_synthetic_test_adaptive-20261002-232315-r1,bbs_confidence_differs,0
synthetic,adaptive,final_synthetic_test_adaptive-20261002-232315-r1,bbs_sequence_differs,106
synthetic,adaptive,final_synthetic_test_adaptive-20261002-232315-r1,bbs_sequence_differs_max_confidence,0.49992
synthetic,adaptive,final_synthetic_test_adaptive-20261002-232315-r1,itr_output_differs_on_routed,0
synthetic,adaptive,final_synthetic_test_adaptive-20261002-232315-r1,final_sequence_differs,0
synthetic,adaptive,final_synthetic_test_adaptive-20261002-232315-r1,exact_outcome_differs,0
synthetic,adaptive,final_synthetic_test_adaptive-20261002-232315-r1,n_exact_live,8085
synthetic,adaptive,final_synthetic_test_adaptive-20261002-232315-r1,n_exact_cache,8085
synthetic,adaptive_lengthcheck,final_synthetic_test_adaptive_lengthcheck-20261002-232904-r1,n_clusters,9100
synthetic,adaptive_lengthcheck,final_synthetic_test_adaptive_lengthcheck-20261002-232904-r1,tau,0.99
synthetic,adaptive_lengthcheck,final_synthetic_test_adaptive_lengthcheck-20261002-232904-r1,selector,length_check
synthetic,adaptive_lengthcheck,final_synthetic_test_adaptive_lengthcheck-20261002-232904-r1,n_routed_live,5472
synthetic,adaptive_lengthcheck,final_synthetic_test_adaptive_lengthcheck-20261002-232904-r1,n_routed_cache,5472
synthetic,adaptive_lengthcheck,final_synthetic_test_adaptive_lengthcheck-20261002-232904-r1,routing_differs,0
synthetic,adaptive_lengthcheck,final_synthetic_test_adaptive_lengthcheck-20261002-232904-r1,bbs_confidence_differs,0
synthetic,adaptive_lengthcheck,final_synthetic_test_adaptive_lengthcheck-20261002-232904-r1,bbs_sequence_differs,95
synthetic,adaptive_lengthcheck,final_synthetic_test_adaptive_lengthcheck-20261002-232904-r1,bbs_sequence_differs_max_confidence,0.499999
synthetic,adaptive_lengthcheck,final_synthetic_test_adaptive_lengthcheck-20261002-232904-r1,itr_output_differs_on_routed,0
synthetic,adaptive_lengthcheck,final_synthetic_test_adaptive_lengthcheck-20261002-232904-r1,final_sequence_differs,20
synthetic,adaptive_lengthcheck,final_synthetic_test_adaptive_lengthcheck-20261002-232904-r1,exact_outcome_differs,0
synthetic,adaptive_lengthcheck,final_synthetic_test_adaptive_lengthcheck-20261002-232904-r1,n_exact_live,8304
synthetic,adaptive_lengthcheck,final_synthetic_test_adaptive_lengthcheck-20261002-232904-r1,n_exact_cache,8304
