tau,selector,n_clusters,n_routed,fallback_ratio,n_exact,exact_rate,delta_exact_vs_bbs,rescued,harmed,benefit_rate,harm_rate,error_capture_rate,routed_precision,fallback_seconds
0.0000,default,1000,0,0.0000,967,0.9670,0.0000,0,0,,,0.0000,,0.0000
0.5000,default,1000,12,0.0120,966,0.9660,-0.0010,2,3,0.5833,0.3333,0.2424,0.6667,1.0710
0.6000,default,1000,30,0.0300,959,0.9590,-0.0080,2,10,0.3333,0.4000,0.4545,0.5000,7.8735
0.7000,default,1000,40,0.0400,955,0.9550,-0.0120,2,14,0.2500,0.4000,0.4545,0.3750,13.1137
0.8000,default,1000,58,0.0580,951,0.9510,-0.0160,2,18,0.2241,0.3621,0.6364,0.3621,28.5460
0.9000,default,1000,87,0.0870,943,0.9430,-0.0240,2,26,0.1494,0.3333,0.6970,0.2644,45.4579
0.9500,default,1000,139,0.1390,934,0.9340,-0.0330,3,36,0.1151,0.2806,0.7879,0.1871,88.9668
0.9900,default,1000,310,0.3100,907,0.9070,-0.0600,4,64,0.0581,0.2161,0.8485,0.0903,251.2017
1.0000,default,1000,996,0.9960,885,0.8850,-0.0820,4,86,0.0191,0.0894,0.9091,0.0301,1039.1220
0.0000,length_check,1000,0,0.0000,967,0.9670,0.0000,0,0,,,0.0000,,0.0000
0.5000,length_check,1000,12,0.0120,968,0.9680,0.0010,2,1,0.2500,0.0833,0.2424,0.6667,1.0710
0.6000,length_check,1000,30,0.0300,967,0.9670,0.0000,2,2,0.1000,0.0667,0.4545,0.5000,7.8735
0.7000,length_check,1000,40,0.0400,967,0.9670,0.0000,2,2,0.0750,0.0500,0.4545,0.3750,13.1137
0.8000,length_check,1000,58,0.0580,967,0.9670,0.0000,2,2,0.0517,0.0345,0.6364,0.3621,28.5460
0.9000,length_check,1000,87,0.0870,966,0.9660,-0.0010,2,3,0.0345,0.0345,0.6970,0.2644,45.4579
0.9500,length_check,1000,139,0.1390,967,0.9670,0.0000,3,3,0.0288,0.0216,0.7879,0.1871,88.9668
0.9900,length_check,1000,310,0.3100,966,0.9660,-0.0010,4,5,0.0161,0.0161,0.8485,0.0903,251.2017
1.0000,length_check,1000,996,0.9960,965,0.9650,-0.0020,4,6,0.0050,0.0060,0.9091,0.0301,1039.1220
