cell,scheduler,workers,hyperthreaded,n_runs,makespan_s_median,makespan_s_q1,makespan_s_q3,makespan_s_min,makespan_s_max,itr_s_median,itr_s_q1,itr_s_q3,itr_s_min,itr_s_max,bbs_s_median,utilization_median,imbalance_median,peak_concurrency_max,itr_timeouts,speedup,itr_speedup,efficiency,itr_efficiency
serial_p1,serial,1,False,3,9.7343,9.3801,10.1702,9.0259,10.6062,8.8148,8.6943,9.2555,8.5738,9.6961,0.9084,1.0000,1.0000,1,0,1.0000,1.0000,1.0000,1.0000
dynamic_p1,dynamic,1,False,3,9.4486,9.3265,9.7243,9.2045,9.9999,8.8286,8.7587,9.1559,8.6888,9.4831,0.5156,0.9999,1.0000,1,0,1.0302,0.9984,1.0302,0.9984
dynamic_p2,dynamic,2,False,3,5.6235,5.5908,7.0992,5.5581,8.5749,5.3142,5.3127,6.7893,5.3112,8.2645,0.3074,0.9532,1.0489,2,0,1.7310,1.6587,0.8655,0.8294
dynamic_p4,dynamic,4,False,3,5.8982,5.6183,6.0786,5.3384,6.2590,5.7045,5.4434,5.8982,5.1824,6.0918,0.1660,0.7470,1.3383,4,0,1.6504,1.5452,0.4126,0.3863
dynamic_p8,dynamic,8,True,3,5.7376,5.6639,6.3224,5.5902,6.9071,5.6065,5.5362,6.1933,5.4659,6.7802,0.1253,0.5540,1.8044,8,0,1.6966,1.5723,0.2121,0.1965
static_p2,static,2,False,3,5.9147,5.9147,6.0833,5.9147,6.2518,5.6573,5.6380,5.8147,5.6187,5.9721,0.2784,0.8814,1.1344,2,0,1.6458,1.5581,0.8229,0.7791
static_p4,static,4,False,3,5.7631,5.6410,6.3261,5.5188,6.8892,5.6048,5.4576,6.1663,5.3104,6.7278,0.1600,0.6185,1.6163,4,0,1.6891,1.5727,0.4223,0.3932
static_p8,static,8,True,3,6.3847,6.1735,7.6298,5.9622,8.8749,6.2328,6.0344,7.4602,5.8361,8.6877,0.1506,0.5950,1.6797,8,0,1.5246,1.4143,0.1906,0.1768
static_lpt_p4,static_lpt,4,False,3,5.9831,5.6997,6.1340,5.4163,6.2849,5.5652,5.3850,5.8485,5.2047,6.1317,0.2082,0.8406,1.1892,4,0,1.6269,1.5839,0.4067,0.3960
