run_id,cell,scheduler,workers,hyperthreaded,repetition,position,n_clusters,n_routed,routed_ids_sha256,project_commit,clusters_file_sha256,dataset_files_sha256,n_tasks,microbatch_size,peak_concurrency,makespan_s,bbs_s,route_s,itr_s,busy_sum_s,utilization,imbalance,itr_timeouts,itr_failed_tasks,failed_clusters
scaling_smoke_serial_p1_rep1-20261002-210909-r1,serial_p1,serial,1,False,1,0,130,47,bf3ee69b2d9fe5dfc887706d1b4e7ec3d94d445b09e8414f3144b61aba15943b,7c6853ef0e64c8105ef915db0563b2d2415db320,fe051179ae685300ecbbf4f8dc7a4efd67b934fcc4d29885fddc7a46f28fae26,"{""data/synthetic/grid.jsonl"": ""4fba4d00a994e016b545af0d1fd3f0838b9ead41604a8d630bce810901144d50""}",10,5,1,8.2124,0.4308,0.0000,7.7802,7.7799,1.0000,1.0000,0,0,0
scaling_smoke_dynamic_p1_rep1-20261002-210917-r1,dynamic_p1,dynamic,1,False,1,1,130,47,bf3ee69b2d9fe5dfc887706d1b4e7ec3d94d445b09e8414f3144b61aba15943b,7c6853ef0e64c8105ef915db0563b2d2415db320,fe051179ae685300ecbbf4f8dc7a4efd67b934fcc4d29885fddc7a46f28fae26,"{""data/synthetic/grid.jsonl"": ""4fba4d00a994e016b545af0d1fd3f0838b9ead41604a8d630bce810901144d50""}",10,5,1,8.4657,0.4684,0.0000,7.9960,7.9952,0.9999,1.0000,0,0,0
scaling_smoke_dynamic_p2_rep1-20261002-210928-r1,dynamic_p2,dynamic,2,False,1,2,130,47,bf3ee69b2d9fe5dfc887706d1b4e7ec3d94d445b09e8414f3144b61aba15943b,7c6853ef0e64c8105ef915db0563b2d2415db320,fe051179ae685300ecbbf4f8dc7a4efd67b934fcc4d29885fddc7a46f28fae26,"{""data/synthetic/grid.jsonl"": ""4fba4d00a994e016b545af0d1fd3f0838b9ead41604a8d630bce810901144d50""}",10,5,2,5.9165,0.2669,0.0000,5.6481,10.7678,0.9532,1.0489,0,0,0
scaling_smoke_dynamic_p4_rep1-20261002-210934-r1,dynamic_p4,dynamic,4,False,1,3,130,47,bf3ee69b2d9fe5dfc887706d1b4e7ec3d94d445b09e8414f3144b61aba15943b,7c6853ef0e64c8105ef915db0563b2d2415db320,fe051179ae685300ecbbf4f8dc7a4efd67b934fcc4d29885fddc7a46f28fae26,"{""data/synthetic/grid.jsonl"": ""4fba4d00a994e016b545af0d1fd3f0838b9ead41604a8d630bce810901144d50""}",10,5,4,5.4098,0.1727,0.0000,5.2357,16.1957,0.7733,1.2929,0,0,0
scaling_smoke_dynamic_p8_rep1-20261002-210940-r1,dynamic_p8,dynamic,8,True,1,4,130,47,bf3ee69b2d9fe5dfc887706d1b4e7ec3d94d445b09e8414f3144b61aba15943b,7c6853ef0e64c8105ef915db0563b2d2415db320,fe051179ae685300ecbbf4f8dc7a4efd67b934fcc4d29885fddc7a46f28fae26,"{""data/synthetic/grid.jsonl"": ""4fba4d00a994e016b545af0d1fd3f0838b9ead41604a8d630bce810901144d50""}",10,5,8,6.4446,0.1674,0.0001,6.2756,28.8963,0.5756,1.7369,0,0,0
scaling_smoke_static_p2_rep1-20261002-210946-r1,static_p2,static,2,False,1,5,130,47,bf3ee69b2d9fe5dfc887706d1b4e7ec3d94d445b09e8414f3144b61aba15943b,7c6853ef0e64c8105ef915db0563b2d2415db320,fe051179ae685300ecbbf4f8dc7a4efd67b934fcc4d29885fddc7a46f28fae26,"{""data/synthetic/grid.jsonl"": ""4fba4d00a994e016b545af0d1fd3f0838b9ead41604a8d630bce810901144d50""}",10,5,2,5.7634,0.2897,0.0000,5.4724,9.6085,0.8779,1.1389,0,0,0
scaling_smoke_static_p4_rep1-20261002-210952-r1,static_p4,static,4,False,1,6,130,47,bf3ee69b2d9fe5dfc887706d1b4e7ec3d94d445b09e8414f3144b61aba15943b,7c6853ef0e64c8105ef915db0563b2d2415db320,fe051179ae685300ecbbf4f8dc7a4efd67b934fcc4d29885fddc7a46f28fae26,"{""data/synthetic/grid.jsonl"": ""4fba4d00a994e016b545af0d1fd3f0838b9ead41604a8d630bce810901144d50""}",10,5,4,5.5236,0.1556,0.0000,5.3667,12.6566,0.5896,1.6957,0,0,0
scaling_smoke_static_p8_rep1-20261002-211001-r1,static_p8,static,8,True,1,7,130,47,bf3ee69b2d9fe5dfc887706d1b4e7ec3d94d445b09e8414f3144b61aba15943b,7c6853ef0e64c8105ef915db0563b2d2415db320,fe051179ae685300ecbbf4f8dc7a4efd67b934fcc4d29885fddc7a46f28fae26,"{""data/synthetic/grid.jsonl"": ""4fba4d00a994e016b545af0d1fd3f0838b9ead41604a8d630bce810901144d50""}",10,5,8,5.6200,0.1254,0.0000,5.4930,26.7750,0.6093,1.6401,0,0,0
scaling_smoke_static_lpt_p4_rep1-20261002-211007-r1,static_lpt_p4,static_lpt,4,False,1,8,130,47,bf3ee69b2d9fe5dfc887706d1b4e7ec3d94d445b09e8414f3144b61aba15943b,7c6853ef0e64c8105ef915db0563b2d2415db320,fe051179ae685300ecbbf4f8dc7a4efd67b934fcc4d29885fddc7a46f28fae26,"{""data/synthetic/grid.jsonl"": ""4fba4d00a994e016b545af0d1fd3f0838b9ead41604a8d630bce810901144d50""}",10,5,4,4.5889,0.1659,0.0000,4.4217,15.0381,0.8502,1.1759,0,0,0
scaling_smoke_dynamic_p1_rep2-20261002-211011-r1,dynamic_p1,dynamic,1,False,2,0,130,47,bf3ee69b2d9fe5dfc887706d1b4e7ec3d94d445b09e8414f3144b61aba15943b,7c6853ef0e64c8105ef915db0563b2d2415db320,fe051179ae685300ecbbf4f8dc7a4efd67b934fcc4d29885fddc7a46f28fae26,"{""data/synthetic/grid.jsonl"": ""4fba4d00a994e016b545af0d1fd3f0838b9ead41604a8d630bce810901144d50""}",10,5,1,7.7506,0.4564,0.0000,7.2928,7.2921,0.9999,1.0000,0,0,0
scaling_smoke_dynamic_p2_rep2-20261002-211019-r1,dynamic_p2,dynamic,2,False,2,1,130,47,bf3ee69b2d9fe5dfc887706d1b4e7ec3d94d445b09e8414f3144b61aba15943b,7c6853ef0e64c8105ef915db0563b2d2415db320,fe051179ae685300ecbbf4f8dc7a4efd67b934fcc4d29885fddc7a46f28fae26,"{""data/synthetic/grid.jsonl"": ""4fba4d00a994e016b545af0d1fd3f0838b9ead41604a8d630bce810901144d50""}",10,5,2,5.3024,0.2682,0.0000,5.0328,9.6078,0.9545,1.0475,0,0,0
scaling_smoke_dynamic_p4_rep2-20261002-211024-r1,dynamic_p4,dynamic,4,False,2,2,130,47,bf3ee69b2d9fe5dfc887706d1b4e7ec3d94d445b09e8414f3144b61aba15943b,7c6853ef0e64c8105ef915db0563b2d2415db320,fe051179ae685300ecbbf4f8dc7a4efd67b934fcc4d29885fddc7a46f28fae26,"{""data/synthetic/grid.jsonl"": ""4fba4d00a994e016b545af0d1fd3f0838b9ead41604a8d630bce810901144d50""}",10,5,4,5.2570,0.1562,0.0000,5.0995,15.5082,0.7603,1.3148,0,0,0
scaling_smoke_dynamic_p8_rep2-20261002-211030-r1,dynamic_p8,dynamic,8,True,2,3,130,47,bf3ee69b2d9fe5dfc887706d1b4e7ec3d94d445b09e8414f3144b61aba15943b,7c6853ef0e64c8105ef915db0563b2d2415db320,fe051179ae685300ecbbf4f8dc7a4efd67b934fcc4d29885fddc7a46f28fae26,"{""data/synthetic/grid.jsonl"": ""4fba4d00a994e016b545af0d1fd3f0838b9ead41604a8d630bce810901144d50""}",10,5,8,6.3492,0.1359,0.0001,6.2117,29.0273,0.5841,1.7115,0,0,0
scaling_smoke_static_p2_rep2-20261002-211039-r1,static_p2,static,2,False,2,4,130,47,bf3ee69b2d9fe5dfc887706d1b4e7ec3d94d445b09e8414f3144b61aba15943b,7c6853ef0e64c8105ef915db0563b2d2415db320,fe051179ae685300ecbbf4f8dc7a4efd67b934fcc4d29885fddc7a46f28fae26,"{""data/synthetic/grid.jsonl"": ""4fba4d00a994e016b545af0d1fd3f0838b9ead41604a8d630bce810901144d50""}",10,5,2,5.9388,0.2629,0.0000,5.6744,9.6261,0.8482,1.1788,0,0,0
scaling_smoke_static_p4_rep2-20261002-211045-r1,static_p4,static,4,False,2,5,130,47,bf3ee69b2d9fe5dfc887706d1b4e7ec3d94d445b09e8414f3144b61aba15943b,7c6853ef0e64c8105ef915db0563b2d2415db320,fe051179ae685300ecbbf4f8dc7a4efd67b934fcc4d29885fddc7a46f28fae26,"{""data/synthetic/grid.jsonl"": ""4fba4d00a994e016b545af0d1fd3f0838b9ead41604a8d630bce810901144d50""}",10,5,4,7.1571,0.1739,0.0000,6.9817,17.6555,0.6322,1.5815,0,0,0
scaling_smoke_static_p8_rep2-20261002-211052-r1,static_p8,static,8,True,2,6,130,47,bf3ee69b2d9fe5dfc887706d1b4e7ec3d94d445b09e8414f3144b61aba15943b,7c6853ef0e64c8105ef915db0563b2d2415db320,fe051179ae685300ecbbf4f8dc7a4efd67b934fcc4d29885fddc7a46f28fae26,"{""data/synthetic/grid.jsonl"": ""4fba4d00a994e016b545af0d1fd3f0838b9ead41604a8d630bce810901144d50""}",10,5,8,6.1337,0.1239,0.0000,6.0083,28.1135,0.5849,1.7091,0,0,0
scaling_smoke_static_lpt_p4_rep2-20261002-211059-r1,static_lpt_p4,static_lpt,4,False,2,7,130,47,bf3ee69b2d9fe5dfc887706d1b4e7ec3d94d445b09e8414f3144b61aba15943b,7c6853ef0e64c8105ef915db0563b2d2415db320,fe051179ae685300ecbbf4f8dc7a4efd67b934fcc4d29885fddc7a46f28fae26,"{""data/synthetic/grid.jsonl"": ""4fba4d00a994e016b545af0d1fd3f0838b9ead41604a8d630bce810901144d50""}",10,5,4,4.4181,0.1941,0.0001,4.2224,14.5897,0.8638,1.1574,0,0,0
scaling_smoke_serial_p1_rep2-20261002-211106-r1,serial_p1,serial,1,False,2,8,130,47,bf3ee69b2d9fe5dfc887706d1b4e7ec3d94d445b09e8414f3144b61aba15943b,7c6853ef0e64c8105ef915db0563b2d2415db320,fe051179ae685300ecbbf4f8dc7a4efd67b934fcc4d29885fddc7a46f28fae26,"{""data/synthetic/grid.jsonl"": ""4fba4d00a994e016b545af0d1fd3f0838b9ead41604a8d630bce810901144d50""}",10,5,1,7.6841,0.4440,0.0000,7.2388,7.2384,1.0000,1.0000,0,0,0
scaling_smoke_dynamic_p2_rep3-20261002-211114-r1,dynamic_p2,dynamic,2,False,3,0,130,47,bf3ee69b2d9fe5dfc887706d1b4e7ec3d94d445b09e8414f3144b61aba15943b,7c6853ef0e64c8105ef915db0563b2d2415db320,fe051179ae685300ecbbf4f8dc7a4efd67b934fcc4d29885fddc7a46f28fae26,"{""data/synthetic/grid.jsonl"": ""4fba4d00a994e016b545af0d1fd3f0838b9ead41604a8d630bce810901144d50""}",10,5,2,4.8789,0.2434,0.0000,4.6342,8.8452,0.9543,1.0477,0,0,0
scaling_smoke_dynamic_p4_rep3-20261002-211119-r1,dynamic_p4,dynamic,4,False,3,1,130,47,bf3ee69b2d9fe5dfc887706d1b4e7ec3d94d445b09e8414f3144b61aba15943b,7c6853ef0e64c8105ef915db0563b2d2415db320,fe051179ae685300ecbbf4f8dc7a4efd67b934fcc4d29885fddc7a46f28fae26,"{""data/synthetic/grid.jsonl"": ""4fba4d00a994e016b545af0d1fd3f0838b9ead41604a8d630bce810901144d50""}",10,5,4,6.2971,0.1682,0.0000,6.1276,19.5849,0.7990,1.2513,0,0,0
scaling_smoke_dynamic_p8_rep3-20261002-211125-r1,dynamic_p8,dynamic,8,True,3,2,130,47,bf3ee69b2d9fe5dfc887706d1b4e7ec3d94d445b09e8414f3144b61aba15943b,7c6853ef0e64c8105ef915db0563b2d2415db320,fe051179ae685300ecbbf4f8dc7a4efd67b934fcc4d29885fddc7a46f28fae26,"{""data/synthetic/grid.jsonl"": ""4fba4d00a994e016b545af0d1fd3f0838b9ead41604a8d630bce810901144d50""}",10,5,8,5.5969,0.1208,0.0000,5.4747,23.5013,0.5366,1.8631,0,0,0
scaling_smoke_static_p2_rep3-20261002-211131-r1,static_p2,static,2,False,3,3,130,47,bf3ee69b2d9fe5dfc887706d1b4e7ec3d94d445b09e8414f3144b61aba15943b,7c6853ef0e64c8105ef915db0563b2d2415db320,fe051179ae685300ecbbf4f8dc7a4efd67b934fcc4d29885fddc7a46f28fae26,"{""data/synthetic/grid.jsonl"": ""4fba4d00a994e016b545af0d1fd3f0838b9ead41604a8d630bce810901144d50""}",10,5,2,5.1097,0.2430,0.0000,4.8650,8.4352,0.8669,1.1533,0,0,0
scaling_smoke_static_p4_rep3-20261002-211139-r1,static_p4,static,4,False,3,4,130,47,bf3ee69b2d9fe5dfc887706d1b4e7ec3d94d445b09e8414f3144b61aba15943b,7c6853ef0e64c8105ef915db0563b2d2415db320,fe051179ae685300ecbbf4f8dc7a4efd67b934fcc4d29885fddc7a46f28fae26,"{""data/synthetic/grid.jsonl"": ""4fba4d00a994e016b545af0d1fd3f0838b9ead41604a8d630bce810901144d50""}",10,5,4,4.8680,0.1518,0.0000,4.7148,10.9796,0.5822,1.7172,0,0,0
scaling_smoke_static_p8_rep3-20261002-211144-r1,static_p8,static,8,True,3,5,130,47,bf3ee69b2d9fe5dfc887706d1b4e7ec3d94d445b09e8414f3144b61aba15943b,7c6853ef0e64c8105ef915db0563b2d2415db320,fe051179ae685300ecbbf4f8dc7a4efd67b934fcc4d29885fddc7a46f28fae26,"{""data/synthetic/grid.jsonl"": ""4fba4d00a994e016b545af0d1fd3f0838b9ead41604a8d630bce810901144d50""}",10,5,8,5.1217,0.1192,0.0000,5.0009,24.2534,0.6062,1.6487,0,0,0
scaling_smoke_static_lpt_p4_rep3-20261002-211149-r1,static_lpt_p4,static_lpt,4,False,3,6,130,47,bf3ee69b2d9fe5dfc887706d1b4e7ec3d94d445b09e8414f3144b61aba15943b,7c6853ef0e64c8105ef915db0563b2d2415db320,fe051179ae685300ecbbf4f8dc7a4efd67b934fcc4d29885fddc7a46f28fae26,"{""data/synthetic/grid.jsonl"": ""4fba4d00a994e016b545af0d1fd3f0838b9ead41604a8d630bce810901144d50""}",10,5,4,4.2657,0.1586,0.0000,4.1056,13.6945,0.8339,1.1989,0,0,0
scaling_smoke_serial_p1_rep3-20261002-211153-r1,serial_p1,serial,1,False,3,7,130,47,bf3ee69b2d9fe5dfc887706d1b4e7ec3d94d445b09e8414f3144b61aba15943b,7c6853ef0e64c8105ef915db0563b2d2415db320,fe051179ae685300ecbbf4f8dc7a4efd67b934fcc4d29885fddc7a46f28fae26,"{""data/synthetic/grid.jsonl"": ""4fba4d00a994e016b545af0d1fd3f0838b9ead41604a8d630bce810901144d50""}",10,5,1,7.3608,0.4603,0.0000,6.8992,6.8989,1.0000,1.0000,0,0,0
scaling_smoke_dynamic_p1_rep3-20261002-211201-r1,dynamic_p1,dynamic,1,False,3,8,130,47,bf3ee69b2d9fe5dfc887706d1b4e7ec3d94d445b09e8414f3144b61aba15943b,7c6853ef0e64c8105ef915db0563b2d2415db320,fe051179ae685300ecbbf4f8dc7a4efd67b934fcc4d29885fddc7a46f28fae26,"{""data/synthetic/grid.jsonl"": ""4fba4d00a994e016b545af0d1fd3f0838b9ead41604a8d630bce810901144d50""}",10,5,1,7.5638,0.4359,0.0000,7.1266,7.1259,0.9999,1.0000,0,0,0
