method,tau,selector,group,n_clusters,cascade_exact_rate,full_itr_exact_rate,difference_pt,cascade_only_exact,full_itr_only_exact,mcnemar_p,mcnemar_log10_p
adaptive,0.8,default,all,9100,0.888462,0.886813,0.164835,150,135,0.406985,-0.390422
adaptive,0.8,default,without_bias,8400,0.897143,0.909048,-1.19048,31,131,7.86456e-16,-15.1043
adaptive,0.8,default,synthetic_e03_c05,700,0.988571,0.971429,1.71429,13,1,0.00183105,-2.7373
adaptive,0.8,default,synthetic_e03_c10,700,1,1,0,0,0,,
adaptive,0.8,default,synthetic_e03_c20,700,1,1,0,0,0,,
adaptive,0.8,default,synthetic_e06_c05,700,0.835714,0.845714,-1,14,21,0.310505,-0.507932
adaptive,0.8,default,synthetic_e06_c10,700,0.997143,1,-0.285714,0,2,0.5,-0.30103
adaptive,0.8,default,synthetic_e06_c10_hp50,700,0.784286,0.62,16.4286,119,4,1.76585e-30,-29.753
adaptive,0.8,default,synthetic_e06_c20,700,1,1,0,0,0,,
adaptive,0.8,default,synthetic_e09_c05,700,0.657143,0.688571,-3.14286,3,25,2.74405e-05,-4.56161
adaptive,0.8,default,synthetic_e09_c10,700,0.972857,0.997143,-2.42857,1,18,7.62939e-05,-4.11751
adaptive,0.8,default,synthetic_e09_c20,700,1,1,0,0,0,,
adaptive,0.8,default,synthetic_e12_c05,700,0.41,0.42,-1,0,7,0.015625,-1.80618
adaptive,0.8,default,synthetic_e12_c10,700,0.912857,0.985714,-7.28571,0,51,8.88178e-16,-15.0515
adaptive,0.8,default,synthetic_e12_c20,700,0.991429,1,-0.857143,0,6,0.03125,-1.50515
adaptive_lengthcheck,0.99,length_check,all,9100,0.912527,0.886813,2.57143,256,22,1.0024e-51,-50.999
adaptive_lengthcheck,0.99,length_check,without_bias,8400,0.91619,0.909048,0.714286,81,21,1.70987e-09,-8.76704
adaptive_lengthcheck,0.99,length_check,synthetic_e03_c05,700,0.995714,0.971429,2.42857,17,0,1.52588e-05,-4.81648
adaptive_lengthcheck,0.99,length_check,synthetic_e03_c10,700,1,1,0,0,0,,
adaptive_lengthcheck,0.99,length_check,synthetic_e03_c20,700,1,1,0,0,0,,
adaptive_lengthcheck,0.99,length_check,synthetic_e06_c05,700,0.902857,0.845714,5.71429,43,3,4.62194e-10,-9.33518
adaptive_lengthcheck,0.99,length_check,synthetic_e06_c10,700,1,1,0,0,0,,
adaptive_lengthcheck,0.99,length_check,synthetic_e06_c10_hp50,700,0.868571,0.62,24.8571,175,1,3.69593e-51,-50.4323
adaptive_lengthcheck,0.99,length_check,synthetic_e06_c20,700,1,1,0,0,0,,
adaptive_lengthcheck,0.99,length_check,synthetic_e09_c05,700,0.7,0.688571,1.14286,16,8,0.15159,-0.819331
adaptive_lengthcheck,0.99,length_check,synthetic_e09_c10,700,0.997143,0.997143,0,1,1,1,0
adaptive_lengthcheck,0.99,length_check,synthetic_e09_c20,700,1,1,0,0,0,,
adaptive_lengthcheck,0.99,length_check,synthetic_e12_c05,700,0.42,0.42,0,3,3,1,0
adaptive_lengthcheck,0.99,length_check,synthetic_e12_c10,700,0.98,0.985714,-0.571429,1,5,0.21875,-0.660052
adaptive_lengthcheck,0.99,length_check,synthetic_e12_c20,700,0.998571,1,-0.142857,0,1,1,0
