run_id,kind,n_clusters,bbs_exact,bbs_exact_rate,sequence_differs_from_cache,max_confidence_where_differs
synthetic_test_bbs-20261002-142420-r1,cache,9100,6943,0.762967,0,
final_synthetic_test_adaptive-20261002-232315-r1,final,9100,6943,0.762967,106,0.49992
final_synthetic_test_adaptive_lengthcheck-20261002-232904-r1,final,9100,6943,0.762967,95,0.499999
scaling_synthetic_test_dynamic_p1_rep1-20261005-044451-r1,scaling,9100,6941,0.762747,102,0.499999
scaling_synthetic_test_dynamic_p1_rep2-20261005-051555-r1,scaling,9100,6938,0.762418,108,0.49992
scaling_synthetic_test_dynamic_p1_rep3-20261005-062430-r1,scaling,9100,6944,0.763077,102,0.499999
scaling_synthetic_test_dynamic_p2_rep1-20261005-045054-r1,scaling,9100,6942,0.762857,113,0.49327
scaling_synthetic_test_dynamic_p2_rep2-20261005-052157-r1,scaling,9100,6942,0.762857,106,0.499999
scaling_synthetic_test_dynamic_p2_rep3-20261005-055313-r1,scaling,9100,6942,0.762857,101,0.499999
scaling_synthetic_test_dynamic_p4_rep1-20261005-045439-r1,scaling,9100,6944,0.763077,99,0.499999
scaling_synthetic_test_dynamic_p4_rep2-20261005-052541-r1,scaling,9100,6941,0.762747,101,0.499999
scaling_synthetic_test_dynamic_p4_rep3-20261005-055655-r1,scaling,9100,6943,0.762967,97,0.499999
scaling_synthetic_test_dynamic_p8_rep1-20261005-045734-r1,scaling,9100,6941,0.762747,104,0.49992
scaling_synthetic_test_dynamic_p8_rep2-20261005-052838-r1,scaling,9100,6944,0.763077,100,0.499999
scaling_synthetic_test_dynamic_p8_rep3-20261005-055951-r1,scaling,9100,6944,0.763077,101,0.499999
scaling_synthetic_test_serial_p1_rep1-20261005-043833-r1,scaling,9100,6942,0.762857,96,0.499999
scaling_synthetic_test_serial_p1_rep2-20261005-054711-r1,scaling,9100,6943,0.762967,92,0.49992
scaling_synthetic_test_serial_p1_rep3-20261005-061829-r1,scaling,9100,6945,0.763187,91,0.49031
scaling_synthetic_test_static_lpt_p4_rep1-20261005-051254-r1,scaling,9100,6940,0.762637,92,0.499999
scaling_synthetic_test_static_lpt_p4_rep2-20261005-054413-r1,scaling,9100,6943,0.762967,93,0.499999
scaling_synthetic_test_static_lpt_p4_rep3-20261005-061533-r1,scaling,9100,6943,0.762967,112,0.499999
scaling_synthetic_test_static_p2_rep1-20261005-050150-r1,scaling,9100,6944,0.763077,96,0.499143
scaling_synthetic_test_static_p2_rep2-20261005-053301-r1,scaling,9100,6941,0.762747,116,0.499999
scaling_synthetic_test_static_p2_rep3-20261005-060426-r1,scaling,9100,6940,0.762637,94,0.49992
scaling_synthetic_test_static_p4_rep1-20261005-050539-r1,scaling,9100,6939,0.762527,97,0.49992
scaling_synthetic_test_static_p4_rep2-20261005-053649-r1,scaling,9100,6943,0.762967,99,0.499143
scaling_synthetic_test_static_p4_rep3-20261005-060809-r1,scaling,9100,6940,0.762637,101,0.497528
scaling_synthetic_test_static_p8_rep1-20261005-050839-r1,scaling,9100,6943,0.762967,79,0.499999
scaling_synthetic_test_static_p8_rep2-20261005-053949-r1,scaling,9100,6943,0.762967,101,0.499999
scaling_synthetic_test_static_p8_rep3-20261005-061115-r1,scaling,9100,6941,0.762747,111,0.49992
