dataset_id,n_clusters,n_runs,mean_ms_median,mean_ms_min,mean_ms_max,max_cluster_ms,share_of_itr_time
synthetic_e03_c05,700,3,46.1804,45.3098,47.3568,123.651,0.0100557
synthetic_e03_c10,700,3,194.974,194.66,197.726,239.858,0.0424553
synthetic_e03_c20,700,3,821.94,810.673,825.655,2154.03,0.178976
synthetic_e06_c05,700,3,48.0185,47.0789,48.2127,55.343,0.0104559
synthetic_e06_c10,700,3,202.741,200.704,203.122,229.496,0.0441465
synthetic_e06_c10_hp50,700,3,201.46,197.837,205.071,600.525,0.0438674
synthetic_e06_c20,700,3,837.504,833.232,840.13,1452.42,0.182365
synthetic_e09_c05,700,3,49.0991,48.5675,49.238,54.987,0.0106912
synthetic_e09_c10,700,3,208.642,205.262,211.088,477.13,0.0454313
synthetic_e09_c20,700,3,853.91,846.32,855.655,992.221,0.185937
synthetic_e12_c05,700,3,50.1717,49.8594,50.1858,59.513,0.0109248
synthetic_e12_c10,700,3,209.819,209.098,210.05,256.712,0.0456877
synthetic_e12_c20,700,3,868.004,862.046,878.796,1045.79,0.189006
