family,scope,selector,primary,tau,exact_rate,fallback_ratio,n_routed,n_clusters,best_tau,best_exact_rate,bbs_only_exact_rate,rule
synthetic,global,default,True,0.8000,0.8877,0.3144,1226,3900,0.9000,0.8900,0.7585,cheapest tau with exact_rate >= best - 0.0025
synthetic,global,length_check,False,0.9900,0.9138,0.6133,2392,3900,1.0000,0.9156,0.7585,cheapest tau with exact_rate >= best - 0.0025
synthetic,oracle:synthetic_e03_c05,default,False,0.8000,0.9800,0.0900,27,300,0.8000,0.9800,0.9733,cheapest tau with exact_rate >= best - 0.0025
synthetic,oracle:synthetic_e03_c05,length_check,False,0.9000,0.9933,0.2000,60,300,0.9000,0.9933,0.9733,cheapest tau with exact_rate >= best - 0.0025
synthetic,oracle:synthetic_e03_c10,default,False,0.0000,1.0000,0.0000,0,300,0.0000,1.0000,1.0000,cheapest tau with exact_rate >= best - 0.0025
synthetic,oracle:synthetic_e03_c10,length_check,False,0.0000,1.0000,0.0000,0,300,0.0000,1.0000,1.0000,cheapest tau with exact_rate >= best - 0.0025
synthetic,oracle:synthetic_e03_c20,default,False,0.0000,1.0000,0.0000,0,300,0.0000,1.0000,1.0000,cheapest tau with exact_rate >= best - 0.0025
synthetic,oracle:synthetic_e03_c20,length_check,False,0.0000,1.0000,0.0000,0,300,0.0000,1.0000,1.0000,cheapest tau with exact_rate >= best - 0.0025
synthetic,oracle:synthetic_e06_c05,default,False,0.9500,0.8967,0.9567,287,300,0.9500,0.8967,0.6467,cheapest tau with exact_rate >= best - 0.0025
synthetic,oracle:synthetic_e06_c05,length_check,False,0.9500,0.9333,0.9567,287,300,0.9500,0.9333,0.6467,cheapest tau with exact_rate >= best - 0.0025
synthetic,oracle:synthetic_e06_c10,default,False,1.0000,1.0000,1.0000,300,300,1.0000,1.0000,0.9900,cheapest tau with exact_rate >= best - 0.0025
synthetic,oracle:synthetic_e06_c10,length_check,False,1.0000,1.0000,1.0000,300,300,1.0000,1.0000,0.9900,cheapest tau with exact_rate >= best - 0.0025
synthetic,oracle:synthetic_e06_c10_hp50,default,False,0.0000,0.8400,0.0000,0,300,0.0000,0.8400,0.8400,cheapest tau with exact_rate >= best - 0.0025
synthetic,oracle:synthetic_e06_c10_hp50,length_check,False,0.9900,0.8533,0.7767,233,300,0.9900,0.8533,0.8400,cheapest tau with exact_rate >= best - 0.0025
synthetic,oracle:synthetic_e06_c20,default,False,0.0000,1.0000,0.0000,0,300,0.0000,1.0000,1.0000,cheapest tau with exact_rate >= best - 0.0025
synthetic,oracle:synthetic_e06_c20,length_check,False,0.0000,1.0000,0.0000,0,300,0.0000,1.0000,1.0000,cheapest tau with exact_rate >= best - 0.0025
synthetic,oracle:synthetic_e09_c05,default,False,0.9900,0.7067,0.9900,297,300,0.9900,0.7067,0.1833,cheapest tau with exact_rate >= best - 0.0025
synthetic,oracle:synthetic_e09_c05,length_check,False,0.9900,0.7333,0.9900,297,300,0.9900,0.7333,0.1833,cheapest tau with exact_rate >= best - 0.0025
synthetic,oracle:synthetic_e09_c10,default,False,1.0000,0.9967,1.0000,300,300,1.0000,0.9967,0.8433,cheapest tau with exact_rate >= best - 0.0025
synthetic,oracle:synthetic_e09_c10,length_check,False,1.0000,0.9967,1.0000,300,300,1.0000,0.9967,0.8433,cheapest tau with exact_rate >= best - 0.0025
synthetic,oracle:synthetic_e09_c20,default,False,0.8000,1.0000,0.0033,1,300,0.8000,1.0000,0.9967,cheapest tau with exact_rate >= best - 0.0025
synthetic,oracle:synthetic_e09_c20,length_check,False,0.8000,1.0000,0.0033,1,300,0.8000,1.0000,0.9967,cheapest tau with exact_rate >= best - 0.0025
synthetic,oracle:synthetic_e12_c05,default,False,0.9500,0.4000,0.9667,290,300,0.9500,0.4000,0.0333,cheapest tau with exact_rate >= best - 0.0025
synthetic,oracle:synthetic_e12_c05,length_check,False,0.9500,0.4100,0.9667,290,300,0.9500,0.4100,0.0333,cheapest tau with exact_rate >= best - 0.0025
synthetic,oracle:synthetic_e12_c10,default,False,1.0000,0.9867,0.9933,298,300,1.0000,0.9867,0.4100,cheapest tau with exact_rate >= best - 0.0025
synthetic,oracle:synthetic_e12_c10,length_check,False,1.0000,0.9867,0.9933,298,300,1.0000,0.9867,0.4100,cheapest tau with exact_rate >= best - 0.0025
synthetic,oracle:synthetic_e12_c20,default,False,1.0000,1.0000,1.0000,300,300,1.0000,1.0000,0.9433,cheapest tau with exact_rate >= best - 0.0025
synthetic,oracle:synthetic_e12_c20,length_check,False,1.0000,1.0000,1.0000,300,300,1.0000,1.0000,0.9433,cheapest tau with exact_rate >= best - 0.0025
microsoft,global,default,True,0.0000,0.9600,0.0000,0,3000,0.0000,0.9600,0.9600,cheapest tau with exact_rate >= best - 0.0025
microsoft,global,length_check,False,0.0000,0.9600,0.0000,0,3000,0.6000,0.9613,0.9600,cheapest tau with exact_rate >= best - 0.0025
