row,method,exact_pct,ci95_low_pct,ci95_high_pct,n_clusters,routed_pct
Microsoft (real),BBS only,95.5286,95.0189,95.9883,7000,0
Microsoft (real),ITR only (full),87.2714,86.4702,88.0318,7000,100
"Synthetic, pooled",BBS only,76.2967,75.412,77.1592,9100,0
"Synthetic, pooled",ITR only (full),88.6813,88.014,89.316,9100,100
"Synthetic, pooled","Cascade, primary",88.8462,88.1829,89.4766,9100,30.9121
"Synthetic, pooled","Cascade, length check",91.2527,90.6547,91.816,9100,60.1319
3% · 5×,BBS only,98.1429,96.8487,98.9115,700,0
3% · 5×,ITR only (full),97.1429,95.6282,98.143,700,100
3% · 5×,"Cascade, primary",98.8571,97.7612,99.4198,700,11.2857
3% · 5×,"Cascade, length check",99.5714,98.7476,99.8541,700,86.8571
6% · 5×,BBS only,65.8571,62.2664,69.2748,700,0
6% · 5×,ITR only (full),84.5714,81.7075,87.058,700,100
6% · 5×,"Cascade, primary",83.5714,80.6447,86.1317,700,68.1429
6% · 5×,"Cascade, length check",90.2857,87.8669,92.2648,700,99
9% · 5×,BBS only,16.8571,14.2664,19.8097,700,0
9% · 5×,ITR only (full),68.8571,65.3316,72.1769,700,100
9% · 5×,"Cascade, primary",65.7143,62.1208,69.1363,700,91
9% · 5×,"Cascade, length check",70,66.5036,73.2781,700,98.1429
12% · 5×,BBS only,2.42857,1.52172,3.8547,700,0
12% · 5×,ITR only (full),42,38.3971,45.6902,700,100
12% · 5×,"Cascade, primary",41,37.4153,44.683,700,95.5714
12% · 5×,"Cascade, length check",42,38.3971,45.6902,700,98.2857
3% · 10×,BBS only,100,99.4542,100,700,0
3% · 10×,ITR only (full),100,99.4542,100,700,100
3% · 10×,"Cascade, primary",100,99.4542,100,700,0.142857
3% · 10×,"Cascade, length check",100,99.4542,100,700,3.85714
6% · 10×,BBS only,99.1429,98.1427,99.6066,700,0
6% · 10×,ITR only (full),100,99.4542,100,700,100
6% · 10×,"Cascade, primary",99.7143,98.9643,99.9216,700,2
6% · 10×,"Cascade, length check",100,99.4542,100,700,52.8571
6% · 10× · hp,BBS only,86,83.2326,88.3745,700,0
6% · 10× · hp,ITR only (full),62,58.348,65.521,700,100
6% · 10× · hp,"Cascade, primary",78.4286,75.2308,81.3161,700,21.1429
6% · 10× · hp,"Cascade, length check",86.8571,84.1518,89.1602,700,71.2857
9% · 10×,BBS only,82.8571,79.8877,85.4679,700,0
9% · 10×,ITR only (full),99.7143,98.9643,99.9216,700,100
9% · 10×,"Cascade, primary",97.2857,95.7997,98.2556,700,31.8571
9% · 10×,"Cascade, length check",99.7143,98.9643,99.9216,700,93.1429
12% · 10×,BBS only,44,40.3654,47.7001,700,0
12% · 10×,ITR only (full),98.5714,97.3905,99.2222,700,100
12% · 10×,"Cascade, primary",91.2857,88.9646,93.1562,700,73.1429
12% · 10×,"Cascade, length check",98,96.6711,98.805,700,98.2857
3% · 20×,BBS only,100,99.4542,100,700,0
3% · 20×,ITR only (full),100,99.4542,100,700,100
3% · 20×,"Cascade, primary",100,99.4542,100,700,0
3% · 20×,"Cascade, length check",100,99.4542,100,700,0
6% · 20×,BBS only,100,99.4542,100,700,0
6% · 20×,ITR only (full),100,99.4542,100,700,100
6% · 20×,"Cascade, primary",100,99.4542,100,700,0
6% · 20×,"Cascade, length check",100,99.4542,100,700,1.28571
9% · 20×,BBS only,100,99.4542,100,700,0
9% · 20×,ITR only (full),100,99.4542,100,700,100
9% · 20×,"Cascade, primary",100,99.4542,100,700,0.285714
9% · 20×,"Cascade, length check",100,99.4542,100,700,17.7143
12% · 20×,BBS only,96.5714,94.9491,97.6854,700,0
12% · 20×,ITR only (full),100,99.4542,100,700,100
12% · 20×,"Cascade, primary",99.1429,98.1427,99.6066,700,7.28571
12% · 20×,"Cascade, length check",99.8571,99.1953,99.9748,700,61
