row,method,rescued,harmed,note
Microsoft (real),ITR only (full),51,629,
Microsoft (real),"Cascade, primary",0,0,τ 0 = BBS only (nothing routed)
Microsoft (real),"Cascade, length check",,,not run
"Synthetic, pooled",ITR only (full),1403,276,
"Synthetic, pooled","Cascade, primary",1268,126,
"Synthetic, pooled","Cascade, length check",1381,20,
3% · 5×,ITR only (full),11,18,
3% · 5×,"Cascade, primary",10,5,
3% · 5×,"Cascade, length check",11,1,
6% · 5×,ITR only (full),182,51,
6% · 5×,"Cascade, primary",162,36,
6% · 5×,"Cascade, length check",180,8,
9% · 5×,ITR only (full),386,22,
9% · 5×,"Cascade, primary",361,20,
9% · 5×,"Cascade, length check",378,6,
12% · 5×,ITR only (full),283,6,
12% · 5×,"Cascade, primary",276,6,
12% · 5×,"Cascade, length check",280,3,
3% · 10×,ITR only (full),0,0,
3% · 10×,"Cascade, primary",0,0,
3% · 10×,"Cascade, length check",0,0,
6% · 10×,ITR only (full),6,0,
6% · 10×,"Cascade, primary",4,0,
6% · 10×,"Cascade, length check",6,0,
6% · 10× · hp,ITR only (full),9,177,
6% · 10× · hp,"Cascade, primary",5,58,
6% · 10× · hp,"Cascade, length check",8,2,
9% · 10×,ITR only (full),119,1,
9% · 10×,"Cascade, primary",101,0,
9% · 10×,"Cascade, length check",118,0,
12% · 10×,ITR only (full),383,1,
12% · 10×,"Cascade, primary",331,1,
12% · 10×,"Cascade, length check",377,0,
3% · 20×,ITR only (full),0,0,
3% · 20×,"Cascade, primary",0,0,
3% · 20×,"Cascade, length check",0,0,
6% · 20×,ITR only (full),0,0,
6% · 20×,"Cascade, primary",0,0,
6% · 20×,"Cascade, length check",0,0,
9% · 20×,ITR only (full),0,0,
9% · 20×,"Cascade, primary",0,0,
9% · 20×,"Cascade, length check",0,0,
12% · 20×,ITR only (full),24,0,
12% · 20×,"Cascade, primary",18,0,
12% · 20×,"Cascade, length check",23,0,
