scheduler,workers,hyperthreaded,makespan_s_median,speedup_median,speedup_min,speedup_max,efficiency_median,itr_stage_s_median,bbs_stage_s_median,utilization_median,imbalance_median
dynamic,1,False,335.463,1.0061,0.990449,1.01222,1.0061,305.444,29.8417,0.9999,1
dynamic,2,False,205.23,1.6446,1.62183,1.65577,0.8223,186.809,18.3355,0.9996,1.0003
dynamic,4,False,162.417,2.0781,2.07578,2.08101,0.5195,149.241,13.1936,0.9972,1.0027
dynamic,8,True,243.38,1.3868,1.31981,1.41335,0.1734,231.607,11.8889,0.9974,1.0025
serial,1,False,337.525,1,0.952346,1.01564,1,307.443,29.5566,1,1
static,2,False,207.367,1.6277,1.6169,1.6278,0.8138,189.298,18.2908,0.9885,1.0116
static,4,False,170.278,1.9822,1.94174,2.03052,0.4956,156.435,13.7305,0.9429,1.0605
static,8,True,237.345,1.4221,1.37096,1.43582,0.1778,225.554,11.7109,0.9609,1.0407
static_lpt,4,False,167.669,2.013,2.01174,2.091,0.5033,153.832,13.461,0.9884,1.0116
