workers,scheduler,repetition,makespan_s,imbalance,utilization
2,dynamic,1,208.114,1.0003,0.9996
2,dynamic,2,205.23,1.0005,0.9995
2,dynamic,3,203.848,1.0001,0.9998
2,static,1,208.748,1.0116,0.9885
2,static,2,207.367,1.0125,0.9876
2,static,3,207.35,1.0114,0.9887
4,dynamic,1,162.602,1.0036,0.9964
4,dynamic,2,162.193,1.0025,0.9975
4,dynamic,3,162.417,1.0027,0.9972
4,static,1,166.226,1.0565,0.9464
4,static,2,173.826,1.0605,0.9429
4,static,3,170.278,1.0744,0.9307
4,static_lpt,1,167.669,1.0128,0.9873
4,static_lpt,2,167.778,1.0116,0.9884
4,static_lpt,3,161.418,1.0058,0.9942
8,dynamic,1,238.812,1.0028,0.9972
8,dynamic,2,243.38,1.0025,0.9974
8,dynamic,3,255.738,1.0025,0.9975
8,static,1,235.076,1.0407,0.9609
8,static,2,246.196,1.044,0.9578
8,static,3,237.345,1.0379,0.9635
